inst,xing,winner
uf20-01.cnf,10,gSAT2
uf20-02.cnf,143,gSAT2
uf20-03.cnf,28,probSAT
uf20-04.cnf,None,probSAT
uf20-05.cnf,183,probSAT
uf20-06.cnf,38,probSAT
uf20-07.cnf,46,probSAT
uf20-08.cnf,33,probSAT
uf20-09.cnf,46,probSAT
uf20-010.cnf,29,probSAT
uf20-011.cnf,45,probSAT
uf20-012.cnf,25,probSAT
uf20-013.cnf,21,probSAT
uf20-014.cnf,27,probSAT
uf20-015.cnf,11,probSAT
uf20-016.cnf,435,probSAT
uf20-017.cnf,13,probSAT
uf20-018.cnf,1189,probSAT
uf20-019.cnf,38,probSAT
uf20-020.cnf,8,probSAT
uf20-021.cnf,39,probSAT
uf20-022.cnf,9,probSAT
uf20-023.cnf,3,probSAT
uf20-024.cnf,38,probSAT
uf20-025.cnf,15,probSAT
uf20-026.cnf,17,probSAT
uf20-027.cnf,460,gSAT2
uf20-028.cnf,559,probSAT
uf20-029.cnf,6,probSAT
uf20-030.cnf,26,probSAT
uf20-031.cnf,1424,probSAT
uf20-032.cnf,1370,gSAT2
uf20-033.cnf,27,probSAT
uf20-034.cnf,None,probSAT
uf20-035.cnf,56,probSAT
uf20-036.cnf,32,probSAT
uf20-037.cnf,103,probSAT
uf20-038.cnf,96,gSAT2
uf20-039.cnf,38,probSAT
uf20-040.cnf,24,probSAT
uf20-041.cnf,14,probSAT
uf20-042.cnf,18,probSAT
uf20-043.cnf,16,probSAT
uf20-044.cnf,29,probSAT
uf20-045.cnf,203,probSAT
uf20-046.cnf,63,probSAT
uf20-047.cnf,77,probSAT
uf20-048.cnf,685,gSAT2
uf20-049.cnf,29,probSAT
uf20-050.cnf,21,probSAT
uf20-051.cnf,17,probSAT
uf20-052.cnf,19,probSAT
uf20-053.cnf,13,probSAT
uf20-054.cnf,15,probSAT
uf20-055.cnf,83,probSAT
uf20-056.cnf,24,probSAT
uf20-057.cnf,331,gSAT2
uf20-058.cnf,15,probSAT
uf20-059.cnf,48,probSAT
uf20-060.cnf,112,probSAT
uf20-061.cnf,48,probSAT
uf20-062.cnf,17,probSAT
uf20-063.cnf,276,gSAT2
uf20-064.cnf,None,probSAT
uf20-065.cnf,58,probSAT
uf20-066.cnf,32,probSAT
uf20-067.cnf,20,probSAT
uf20-068.cnf,7,probSAT
uf20-069.cnf,60,probSAT
uf20-070.cnf,0,probSAT
uf20-071.cnf,20,probSAT
uf20-072.cnf,None,probSAT
uf20-073.cnf,46,probSAT
uf20-074.cnf,11,probSAT
uf20-075.cnf,18,probSAT
uf20-076.cnf,36,probSAT
uf20-077.cnf,21,probSAT
uf20-078.cnf,39,probSAT
uf20-079.cnf,9,probSAT
uf20-080.cnf,52,probSAT
uf20-081.cnf,96,probSAT
uf20-082.cnf,17,probSAT
uf20-083.cnf,10,probSAT
uf20-084.cnf,None,probSAT
uf20-085.cnf,49,probSAT
uf20-086.cnf,132,gSAT2
uf20-087.cnf,26,probSAT
uf20-088.cnf,9,probSAT
uf20-089.cnf,52,probSAT
uf20-090.cnf,19,probSAT
uf20-091.cnf,56,probSAT
uf20-092.cnf,28,probSAT
uf20-093.cnf,16,probSAT
uf20-094.cnf,57,probSAT
uf20-095.cnf,13,probSAT
uf20-096.cnf,None,probSAT
uf20-097.cnf,2,probSAT
uf20-098.cnf,19,probSAT
uf20-099.cnf,21,probSAT
uf20-0100.cnf,35,probSAT
uf20-0101.cnf,1,probSAT
uf20-0102.cnf,9,probSAT
uf20-0103.cnf,45,probSAT
uf20-0104.cnf,20,probSAT
uf20-0105.cnf,54,probSAT
uf20-0106.cnf,24,probSAT
uf20-0107.cnf,82,probSAT
uf20-0108.cnf,30,probSAT
uf20-0109.cnf,34,probSAT
uf20-0110.cnf,146,gSAT2
uf20-0111.cnf,21,probSAT
uf20-0112.cnf,9,probSAT
uf20-0113.cnf,46,probSAT
uf20-0114.cnf,22,probSAT
uf20-0115.cnf,16,probSAT
uf20-0116.cnf,380,probSAT
uf20-0117.cnf,20,probSAT
uf20-0118.cnf,26,probSAT
uf20-0119.cnf,2,probSAT
uf20-0120.cnf,1,probSAT
uf20-0121.cnf,59,probSAT
uf20-0122.cnf,72,probSAT
uf20-0123.cnf,2,probSAT
uf20-0124.cnf,0,probSAT
uf20-0125.cnf,56,probSAT
uf20-0126.cnf,19,probSAT
uf20-0127.cnf,31,probSAT
uf20-0128.cnf,46,probSAT
uf20-0129.cnf,529,gSAT2
uf20-0130.cnf,16,probSAT
uf20-0131.cnf,0,probSAT
uf20-0132.cnf,27,probSAT
uf20-0133.cnf,40,probSAT
uf20-0134.cnf,16,probSAT
uf20-0135.cnf,36,probSAT
uf20-0136.cnf,8,probSAT
uf20-0137.cnf,15,probSAT
uf20-0138.cnf,30,probSAT
uf20-0139.cnf,17,probSAT
uf20-0140.cnf,26,probSAT
uf20-0141.cnf,81,probSAT
uf20-0142.cnf,69,probSAT
uf20-0143.cnf,35,probSAT
uf20-0144.cnf,17,probSAT
uf20-0145.cnf,35,probSAT
uf20-0146.cnf,12,probSAT
uf20-0147.cnf,23,probSAT
uf20-0148.cnf,35,probSAT
uf20-0149.cnf,13,probSAT
uf20-0150.cnf,37,probSAT
uf20-0151.cnf,42,probSAT
uf20-0152.cnf,None,probSAT
uf20-0153.cnf,101,probSAT
uf20-0154.cnf,62,probSAT
uf20-0155.cnf,84,probSAT
uf20-0156.cnf,22,probSAT
uf20-0157.cnf,16,probSAT
uf20-0158.cnf,8,probSAT
uf20-0159.cnf,13,probSAT
uf20-0160.cnf,17,probSAT
uf20-0161.cnf,17,probSAT
uf20-0162.cnf,30,probSAT
uf20-0163.cnf,11,probSAT
uf20-0164.cnf,33,probSAT
uf20-0165.cnf,12,probSAT
uf20-0166.cnf,69,probSAT
uf20-0167.cnf,33,probSAT
uf20-0168.cnf,31,probSAT
uf20-0169.cnf,4,probSAT
uf20-0170.cnf,None,probSAT
uf20-0171.cnf,None,probSAT
uf20-0172.cnf,57,probSAT
uf20-0173.cnf,51,probSAT
uf20-0174.cnf,40,probSAT
uf20-0175.cnf,43,probSAT
uf20-0176.cnf,18,probSAT
uf20-0177.cnf,None,probSAT
uf20-0178.cnf,18,probSAT
uf20-0179.cnf,60,probSAT
uf20-0180.cnf,25,probSAT
uf20-0181.cnf,26,probSAT
uf20-0182.cnf,179,probSAT
uf20-0183.cnf,21,probSAT
uf20-0184.cnf,17,probSAT
uf20-0185.cnf,5,probSAT
uf20-0186.cnf,235,gSAT2
uf20-0187.cnf,37,probSAT
uf20-0188.cnf,9,probSAT
uf20-0189.cnf,46,probSAT
uf20-0190.cnf,21,probSAT
uf20-0191.cnf,33,probSAT
uf20-0192.cnf,5,probSAT
uf20-0193.cnf,30,probSAT
uf20-0194.cnf,12,probSAT
uf20-0195.cnf,13,probSAT
uf20-0196.cnf,13,probSAT
uf20-0197.cnf,777,gSAT2
uf20-0198.cnf,55,probSAT
uf20-0199.cnf,18,probSAT
uf20-0200.cnf,70,probSAT
uf20-0201.cnf,17,probSAT
uf20-0202.cnf,30,probSAT
uf20-0203.cnf,20,probSAT
uf20-0204.cnf,136,probSAT
uf20-0205.cnf,None,probSAT
uf20-0206.cnf,21,probSAT
uf20-0207.cnf,80,probSAT
uf20-0208.cnf,13,probSAT
uf20-0209.cnf,79,probSAT
uf20-0210.cnf,27,probSAT
uf20-0211.cnf,33,probSAT
uf20-0212.cnf,21,probSAT
uf20-0213.cnf,121,gSAT2
uf20-0214.cnf,22,probSAT
uf20-0215.cnf,39,probSAT
uf20-0216.cnf,18,probSAT
uf20-0217.cnf,9,probSAT
uf20-0218.cnf,181,probSAT
uf20-0219.cnf,26,probSAT
uf20-0220.cnf,70,probSAT
uf20-0221.cnf,12,probSAT
uf20-0222.cnf,77,probSAT
uf20-0223.cnf,24,probSAT
uf20-0224.cnf,73,probSAT
uf20-0225.cnf,5,probSAT
uf20-0226.cnf,34,probSAT
uf20-0227.cnf,None,probSAT
uf20-0228.cnf,28,probSAT
uf20-0229.cnf,16,probSAT
uf20-0230.cnf,18,probSAT
uf20-0231.cnf,36,probSAT
uf20-0232.cnf,710,probSAT
uf20-0233.cnf,32,probSAT
uf20-0234.cnf,18,probSAT
uf20-0235.cnf,15,probSAT
uf20-0236.cnf,38,probSAT
uf20-0237.cnf,35,probSAT
uf20-0238.cnf,None,probSAT
uf20-0239.cnf,518,gSAT2
uf20-0240.cnf,5,probSAT
uf20-0241.cnf,18,probSAT
uf20-0242.cnf,225,gSAT2
uf20-0243.cnf,300,probSAT
uf20-0244.cnf,39,probSAT
uf20-0245.cnf,25,probSAT
uf20-0246.cnf,9,probSAT
uf20-0247.cnf,71,probSAT
uf20-0248.cnf,None,probSAT
uf20-0249.cnf,6,probSAT
uf20-0250.cnf,22,probSAT
uf20-0251.cnf,80,probSAT
uf20-0252.cnf,16,probSAT
uf20-0253.cnf,27,probSAT
uf20-0254.cnf,20,probSAT
uf20-0255.cnf,25,probSAT
uf20-0256.cnf,23,probSAT
uf20-0257.cnf,23,probSAT
uf20-0258.cnf,44,probSAT
uf20-0259.cnf,28,probSAT
uf20-0260.cnf,20,probSAT
uf20-0261.cnf,42,probSAT
uf20-0262.cnf,47,gSAT2
uf20-0263.cnf,66,probSAT
uf20-0264.cnf,20,probSAT
uf20-0265.cnf,265,probSAT
uf20-0266.cnf,11,probSAT
uf20-0267.cnf,19,probSAT
uf20-0268.cnf,10,probSAT
uf20-0269.cnf,252,probSAT
uf20-0270.cnf,78,probSAT
uf20-0271.cnf,52,probSAT
uf20-0272.cnf,34,probSAT
uf20-0273.cnf,None,probSAT
uf20-0274.cnf,25,probSAT
uf20-0275.cnf,33,gSAT2
uf20-0276.cnf,132,probSAT
uf20-0277.cnf,50,probSAT
uf20-0278.cnf,14,probSAT
uf20-0279.cnf,19,probSAT
uf20-0280.cnf,31,probSAT
uf20-0281.cnf,29,probSAT
uf20-0282.cnf,39,probSAT
uf20-0283.cnf,180,gSAT2
uf20-0284.cnf,75,probSAT
uf20-0285.cnf,40,probSAT
uf20-0286.cnf,1061,gSAT2
uf20-0287.cnf,12,probSAT
uf20-0288.cnf,787,probSAT
uf20-0289.cnf,95,probSAT
uf20-0290.cnf,20,probSAT
uf20-0291.cnf,18,probSAT
uf20-0292.cnf,21,probSAT
uf20-0293.cnf,4,probSAT
uf20-0294.cnf,39,probSAT
uf20-0295.cnf,29,probSAT
uf20-0296.cnf,None,probSAT
uf20-0297.cnf,None,probSAT
uf20-0298.cnf,35,probSAT
uf20-0299.cnf,123,probSAT
uf20-0300.cnf,20,probSAT
uf20-0301.cnf,60,probSAT
uf20-0302.cnf,48,probSAT
uf20-0303.cnf,30,probSAT
uf20-0304.cnf,30,probSAT
uf20-0305.cnf,40,probSAT
uf20-0306.cnf,20,probSAT
uf20-0307.cnf,21,probSAT
uf20-0308.cnf,12,probSAT
uf20-0309.cnf,3,probSAT
uf20-0310.cnf,35,probSAT
uf20-0311.cnf,41,probSAT
uf20-0312.cnf,47,probSAT
uf20-0313.cnf,10,probSAT
uf20-0314.cnf,3,probSAT
uf20-0315.cnf,42,probSAT
uf20-0316.cnf,18,probSAT
uf20-0317.cnf,43,probSAT
uf20-0318.cnf,26,probSAT
uf20-0319.cnf,92,probSAT
uf20-0320.cnf,7,probSAT
uf20-0321.cnf,None,probSAT
uf20-0322.cnf,31,probSAT
uf20-0323.cnf,10,probSAT
uf20-0324.cnf,24,probSAT
uf20-0325.cnf,53,probSAT
uf20-0326.cnf,None,probSAT
uf20-0327.cnf,2,probSAT
uf20-0328.cnf,41,probSAT
uf20-0329.cnf,216,probSAT
uf20-0330.cnf,19,probSAT
uf20-0331.cnf,586,gSAT2
uf20-0332.cnf,35,probSAT
uf20-0333.cnf,78,probSAT
uf20-0334.cnf,3,probSAT
uf20-0335.cnf,22,probSAT
uf20-0336.cnf,7,probSAT
uf20-0337.cnf,18,probSAT
uf20-0338.cnf,51,probSAT
uf20-0339.cnf,12,probSAT
uf20-0340.cnf,611,gSAT2
uf20-0341.cnf,78,gSAT2
uf20-0342.cnf,74,probSAT
uf20-0343.cnf,15,probSAT
uf20-0344.cnf,45,probSAT
uf20-0345.cnf,31,probSAT
uf20-0346.cnf,52,probSAT
uf20-0347.cnf,47,probSAT
uf20-0348.cnf,30,probSAT
uf20-0349.cnf,31,probSAT
uf20-0350.cnf,2,probSAT
uf20-0351.cnf,79,probSAT
uf20-0352.cnf,81,probSAT
uf20-0353.cnf,20,probSAT
uf20-0354.cnf,25,probSAT
uf20-0355.cnf,504,gSAT2
uf20-0356.cnf,37,probSAT
uf20-0357.cnf,45,probSAT
uf20-0358.cnf,21,probSAT
uf20-0359.cnf,73,probSAT
uf20-0360.cnf,23,probSAT
uf20-0361.cnf,47,probSAT
uf20-0362.cnf,8,probSAT
uf20-0363.cnf,372,probSAT
uf20-0364.cnf,15,probSAT
uf20-0365.cnf,16,probSAT
uf20-0366.cnf,397,gSAT2
uf20-0367.cnf,49,probSAT
uf20-0368.cnf,43,probSAT
uf20-0369.cnf,27,probSAT
uf20-0370.cnf,12,probSAT
uf20-0371.cnf,54,probSAT
uf20-0372.cnf,7,probSAT
uf20-0373.cnf,None,probSAT
uf20-0374.cnf,7,probSAT
uf20-0375.cnf,None,probSAT
uf20-0376.cnf,28,probSAT
uf20-0377.cnf,19,probSAT
uf20-0378.cnf,38,probSAT
uf20-0379.cnf,15,probSAT
uf20-0380.cnf,15,probSAT
uf20-0381.cnf,None,probSAT
uf20-0382.cnf,5,probSAT
uf20-0383.cnf,None,probSAT
uf20-0384.cnf,209,probSAT
uf20-0385.cnf,24,probSAT
uf20-0386.cnf,100,probSAT
uf20-0387.cnf,23,probSAT
uf20-0388.cnf,45,probSAT
uf20-0389.cnf,23,probSAT
uf20-0390.cnf,16,probSAT
uf20-0391.cnf,13,probSAT
uf20-0392.cnf,17,probSAT
uf20-0393.cnf,26,probSAT
uf20-0394.cnf,62,probSAT
uf20-0395.cnf,20,probSAT
uf20-0396.cnf,58,probSAT
uf20-0397.cnf,83,probSAT
uf20-0398.cnf,43,probSAT
uf20-0399.cnf,25,probSAT
uf20-0400.cnf,None,probSAT
uf20-0401.cnf,15,probSAT
uf20-0402.cnf,33,probSAT
uf20-0403.cnf,24,probSAT
uf20-0404.cnf,27,probSAT
uf20-0405.cnf,35,probSAT
uf20-0406.cnf,20,probSAT
uf20-0407.cnf,6,probSAT
uf20-0408.cnf,19,probSAT
uf20-0409.cnf,60,probSAT
uf20-0410.cnf,6,probSAT
uf20-0411.cnf,8,probSAT
uf20-0412.cnf,5,probSAT
uf20-0413.cnf,31,probSAT
uf20-0414.cnf,87,probSAT
uf20-0415.cnf,9,probSAT
uf20-0416.cnf,48,probSAT
uf20-0417.cnf,6,probSAT
uf20-0418.cnf,9,probSAT
uf20-0419.cnf,134,probSAT
uf20-0420.cnf,89,probSAT
uf20-0421.cnf,20,probSAT
uf20-0422.cnf,42,probSAT
uf20-0423.cnf,20,probSAT
uf20-0424.cnf,28,probSAT
uf20-0425.cnf,47,probSAT
uf20-0426.cnf,26,probSAT
uf20-0427.cnf,2,probSAT
uf20-0428.cnf,7,probSAT
uf20-0429.cnf,11,probSAT
uf20-0430.cnf,43,probSAT
uf20-0431.cnf,10,probSAT
uf20-0432.cnf,23,probSAT
uf20-0433.cnf,4,probSAT
uf20-0434.cnf,2,probSAT
uf20-0435.cnf,26,probSAT
uf20-0436.cnf,11,probSAT
uf20-0437.cnf,23,probSAT
uf20-0438.cnf,4,probSAT
uf20-0439.cnf,29,probSAT
uf20-0440.cnf,37,probSAT
uf20-0441.cnf,70,probSAT
uf20-0442.cnf,35,probSAT
uf20-0443.cnf,150,probSAT
uf20-0444.cnf,447,probSAT
uf20-0445.cnf,52,probSAT
uf20-0446.cnf,19,probSAT
uf20-0447.cnf,32,probSAT
uf20-0448.cnf,20,probSAT
uf20-0449.cnf,58,gSAT2
uf20-0450.cnf,23,probSAT
uf20-0451.cnf,None,probSAT
uf20-0452.cnf,134,probSAT
uf20-0453.cnf,29,probSAT
uf20-0454.cnf,24,probSAT
uf20-0455.cnf,44,probSAT
uf20-0456.cnf,16,probSAT
uf20-0457.cnf,5,probSAT
uf20-0458.cnf,4,probSAT
uf20-0459.cnf,35,probSAT
uf20-0460.cnf,71,probSAT
uf20-0461.cnf,85,probSAT
uf20-0462.cnf,40,probSAT
uf20-0463.cnf,748,probSAT
uf20-0464.cnf,12,probSAT
uf20-0465.cnf,37,probSAT
uf20-0466.cnf,14,probSAT
uf20-0467.cnf,40,probSAT
uf20-0468.cnf,1128,probSAT
uf20-0469.cnf,20,probSAT
uf20-0470.cnf,12,probSAT
uf20-0471.cnf,192,probSAT
uf20-0472.cnf,30,probSAT
uf20-0473.cnf,26,probSAT
uf20-0474.cnf,37,probSAT
uf20-0475.cnf,572,gSAT2
uf20-0476.cnf,39,probSAT
uf20-0477.cnf,None,probSAT
uf20-0478.cnf,25,probSAT
uf20-0479.cnf,52,probSAT
uf20-0480.cnf,23,probSAT
uf20-0481.cnf,3,probSAT
uf20-0482.cnf,12,probSAT
uf20-0483.cnf,116,gSAT2
uf20-0484.cnf,29,probSAT
uf20-0485.cnf,None,probSAT
uf20-0486.cnf,19,probSAT
uf20-0487.cnf,33,probSAT
uf20-0488.cnf,2,probSAT
uf20-0489.cnf,30,probSAT
uf20-0490.cnf,71,probSAT
uf20-0491.cnf,None,probSAT
uf20-0492.cnf,215,probSAT
uf20-0493.cnf,50,probSAT
uf20-0494.cnf,21,probSAT
uf20-0495.cnf,None,probSAT
uf20-0496.cnf,172,gSAT2
uf20-0497.cnf,29,gSAT2
uf20-0498.cnf,52,probSAT
uf20-0499.cnf,234,gSAT2
uf20-0500.cnf,194,probSAT
uf20-0501.cnf,None,gSAT2
uf20-0502.cnf,19,probSAT
uf20-0503.cnf,25,probSAT
uf20-0504.cnf,58,probSAT
uf20-0505.cnf,24,probSAT
uf20-0506.cnf,13,probSAT
uf20-0507.cnf,7,probSAT
uf20-0508.cnf,31,probSAT
uf20-0509.cnf,91,probSAT
uf20-0510.cnf,32,probSAT
uf20-0511.cnf,10,probSAT
uf20-0512.cnf,88,probSAT
uf20-0513.cnf,6,probSAT
uf20-0514.cnf,93,probSAT
uf20-0515.cnf,37,probSAT
uf20-0516.cnf,18,probSAT
uf20-0517.cnf,48,probSAT
uf20-0518.cnf,33,probSAT
uf20-0519.cnf,76,probSAT
uf20-0520.cnf,12,probSAT
uf20-0521.cnf,53,probSAT
uf20-0522.cnf,22,probSAT
uf20-0523.cnf,37,probSAT
uf20-0524.cnf,34,probSAT
uf20-0525.cnf,None,probSAT
uf20-0526.cnf,4,probSAT
uf20-0527.cnf,23,probSAT
uf20-0528.cnf,43,probSAT
uf20-0529.cnf,None,probSAT
uf20-0530.cnf,18,probSAT
uf20-0531.cnf,25,probSAT
uf20-0532.cnf,3,probSAT
uf20-0533.cnf,1,probSAT
uf20-0534.cnf,21,probSAT
uf20-0535.cnf,131,probSAT
uf20-0536.cnf,38,probSAT
uf20-0537.cnf,48,probSAT
uf20-0538.cnf,6,probSAT
uf20-0539.cnf,279,gSAT2
uf20-0540.cnf,23,probSAT
uf20-0541.cnf,35,probSAT
uf20-0542.cnf,23,probSAT
uf20-0543.cnf,7,probSAT
uf20-0544.cnf,5,probSAT
uf20-0545.cnf,30,probSAT
uf20-0546.cnf,3,probSAT
uf20-0547.cnf,11,probSAT
uf20-0548.cnf,74,probSAT
uf20-0549.cnf,9,probSAT
uf20-0550.cnf,12,probSAT
uf20-0551.cnf,1082,gSAT2
uf20-0552.cnf,20,probSAT
uf20-0553.cnf,32,probSAT
uf20-0554.cnf,5,probSAT
uf20-0555.cnf,7,probSAT
uf20-0556.cnf,33,probSAT
uf20-0557.cnf,681,gSAT2
uf20-0558.cnf,None,probSAT
uf20-0559.cnf,26,probSAT
uf20-0560.cnf,51,probSAT
uf20-0561.cnf,24,probSAT
uf20-0562.cnf,29,probSAT
uf20-0563.cnf,182,gSAT2
uf20-0564.cnf,10,probSAT
uf20-0565.cnf,17,probSAT
uf20-0566.cnf,13,probSAT
uf20-0567.cnf,3,probSAT
uf20-0568.cnf,35,probSAT
uf20-0569.cnf,56,probSAT
uf20-0570.cnf,53,probSAT
uf20-0571.cnf,16,probSAT
uf20-0572.cnf,19,probSAT
uf20-0573.cnf,None,probSAT
uf20-0574.cnf,30,probSAT
uf20-0575.cnf,37,probSAT
uf20-0576.cnf,80,probSAT
uf20-0577.cnf,3,probSAT
uf20-0578.cnf,15,probSAT
uf20-0579.cnf,3,probSAT
uf20-0580.cnf,14,probSAT
uf20-0581.cnf,31,probSAT
uf20-0582.cnf,33,probSAT
uf20-0583.cnf,80,probSAT
uf20-0584.cnf,30,probSAT
uf20-0585.cnf,17,probSAT
uf20-0586.cnf,7,probSAT
uf20-0587.cnf,10,probSAT
uf20-0588.cnf,9,probSAT
uf20-0589.cnf,319,gSAT2
uf20-0590.cnf,542,gSAT2
uf20-0591.cnf,15,probSAT
uf20-0592.cnf,26,probSAT
uf20-0593.cnf,21,probSAT
uf20-0594.cnf,9,probSAT
uf20-0595.cnf,27,probSAT
uf20-0596.cnf,25,probSAT
uf20-0597.cnf,17,probSAT
uf20-0598.cnf,76,probSAT
uf20-0599.cnf,59,probSAT
uf20-0600.cnf,27,probSAT
uf20-0601.cnf,74,probSAT
uf20-0602.cnf,30,probSAT
uf20-0603.cnf,62,probSAT
uf20-0604.cnf,71,probSAT
uf20-0605.cnf,137,probSAT
uf20-0606.cnf,1037,gSAT2
uf20-0607.cnf,125,probSAT
uf20-0608.cnf,78,probSAT
uf20-0609.cnf,16,probSAT
uf20-0610.cnf,63,probSAT
uf20-0611.cnf,26,probSAT
uf20-0612.cnf,41,probSAT
uf20-0613.cnf,9,probSAT
uf20-0614.cnf,23,probSAT
uf20-0615.cnf,19,probSAT
uf20-0616.cnf,37,probSAT
uf20-0617.cnf,27,probSAT
uf20-0618.cnf,24,probSAT
uf20-0619.cnf,139,probSAT
uf20-0620.cnf,None,probSAT
uf20-0621.cnf,49,probSAT
uf20-0622.cnf,27,probSAT
uf20-0623.cnf,18,probSAT
uf20-0624.cnf,16,probSAT
uf20-0625.cnf,77,probSAT
uf20-0626.cnf,17,probSAT
uf20-0627.cnf,15,probSAT
uf20-0628.cnf,7,probSAT
uf20-0629.cnf,None,probSAT
uf20-0630.cnf,35,probSAT
uf20-0631.cnf,12,probSAT
uf20-0632.cnf,50,probSAT
uf20-0633.cnf,18,probSAT
uf20-0634.cnf,18,probSAT
uf20-0635.cnf,8,probSAT
uf20-0636.cnf,34,probSAT
uf20-0637.cnf,9,probSAT
uf20-0638.cnf,29,probSAT
uf20-0639.cnf,1072,gSAT2
uf20-0640.cnf,34,probSAT
uf20-0641.cnf,None,probSAT
uf20-0642.cnf,32,probSAT
uf20-0643.cnf,31,probSAT
uf20-0644.cnf,37,probSAT
uf20-0645.cnf,67,probSAT
uf20-0646.cnf,15,probSAT
uf20-0647.cnf,None,probSAT
uf20-0648.cnf,21,probSAT
uf20-0649.cnf,21,probSAT
uf20-0650.cnf,11,probSAT
uf20-0651.cnf,8,probSAT
uf20-0652.cnf,39,probSAT
uf20-0653.cnf,14,probSAT
uf20-0654.cnf,13,probSAT
uf20-0655.cnf,None,probSAT
uf20-0656.cnf,86,probSAT
uf20-0657.cnf,184,probSAT
uf20-0658.cnf,61,probSAT
uf20-0659.cnf,4,probSAT
uf20-0660.cnf,12,probSAT
uf20-0661.cnf,27,probSAT
uf20-0662.cnf,22,probSAT
uf20-0663.cnf,341,gSAT2
uf20-0664.cnf,804,probSAT
uf20-0665.cnf,47,probSAT
uf20-0666.cnf,21,probSAT
uf20-0667.cnf,38,probSAT
uf20-0668.cnf,5,probSAT
uf20-0669.cnf,22,probSAT
uf20-0670.cnf,117,probSAT
uf20-0671.cnf,22,probSAT
uf20-0672.cnf,30,probSAT
uf20-0673.cnf,17,probSAT
uf20-0674.cnf,87,probSAT
uf20-0675.cnf,46,probSAT
uf20-0676.cnf,24,probSAT
uf20-0677.cnf,34,probSAT
uf20-0678.cnf,30,probSAT
uf20-0679.cnf,11,probSAT
uf20-0680.cnf,14,probSAT
uf20-0681.cnf,26,probSAT
uf20-0682.cnf,29,probSAT
uf20-0683.cnf,66,probSAT
uf20-0684.cnf,14,probSAT
uf20-0685.cnf,33,probSAT
uf20-0686.cnf,68,probSAT
uf20-0687.cnf,36,probSAT
uf20-0688.cnf,787,gSAT2
uf20-0689.cnf,9,probSAT
uf20-0690.cnf,110,probSAT
uf20-0691.cnf,7,probSAT
uf20-0692.cnf,21,probSAT
uf20-0693.cnf,8,probSAT
uf20-0694.cnf,4,probSAT
uf20-0695.cnf,45,probSAT
uf20-0696.cnf,25,probSAT
uf20-0697.cnf,11,probSAT
uf20-0698.cnf,14,probSAT
uf20-0699.cnf,61,probSAT
uf20-0700.cnf,44,probSAT
uf20-0701.cnf,2,probSAT
uf20-0702.cnf,20,probSAT
uf20-0703.cnf,39,probSAT
uf20-0704.cnf,26,probSAT
uf20-0705.cnf,21,probSAT
uf20-0706.cnf,16,probSAT
uf20-0707.cnf,40,probSAT
uf20-0708.cnf,19,probSAT
uf20-0709.cnf,2,probSAT
uf20-0710.cnf,7,probSAT
uf20-0711.cnf,None,probSAT
uf20-0712.cnf,40,probSAT
uf20-0713.cnf,7,probSAT
uf20-0714.cnf,236,gSAT2
uf20-0715.cnf,46,probSAT
uf20-0716.cnf,18,probSAT
uf20-0717.cnf,2,gSAT2
uf20-0718.cnf,54,probSAT
uf20-0719.cnf,15,probSAT
uf20-0720.cnf,39,probSAT
uf20-0721.cnf,2,probSAT
uf20-0722.cnf,41,probSAT
uf20-0723.cnf,26,probSAT
uf20-0724.cnf,24,probSAT
uf20-0725.cnf,23,probSAT
uf20-0726.cnf,23,probSAT
uf20-0727.cnf,29,probSAT
uf20-0728.cnf,46,probSAT
uf20-0729.cnf,7,probSAT
uf20-0730.cnf,50,probSAT
uf20-0731.cnf,9,probSAT
uf20-0732.cnf,301,probSAT
uf20-0733.cnf,21,probSAT
uf20-0734.cnf,21,probSAT
uf20-0735.cnf,18,probSAT
uf20-0736.cnf,78,probSAT
uf20-0737.cnf,35,probSAT
uf20-0738.cnf,27,probSAT
uf20-0739.cnf,43,probSAT
uf20-0740.cnf,54,probSAT
uf20-0741.cnf,25,probSAT
uf20-0742.cnf,81,probSAT
uf20-0743.cnf,27,probSAT
uf20-0744.cnf,934,gSAT2
uf20-0745.cnf,20,probSAT
uf20-0746.cnf,4,probSAT
uf20-0747.cnf,408,gSAT2
uf20-0748.cnf,12,probSAT
uf20-0749.cnf,33,probSAT
uf20-0750.cnf,None,probSAT
uf20-0751.cnf,54,probSAT
uf20-0752.cnf,60,probSAT
uf20-0753.cnf,21,probSAT
uf20-0754.cnf,25,probSAT
uf20-0755.cnf,29,probSAT
uf20-0756.cnf,39,probSAT
uf20-0757.cnf,38,probSAT
uf20-0758.cnf,4,probSAT
uf20-0759.cnf,26,probSAT
uf20-0760.cnf,342,gSAT2
uf20-0761.cnf,28,probSAT
uf20-0762.cnf,22,probSAT
uf20-0763.cnf,57,probSAT
uf20-0764.cnf,51,probSAT
uf20-0765.cnf,27,probSAT
uf20-0766.cnf,None,probSAT
uf20-0767.cnf,18,probSAT
uf20-0768.cnf,29,probSAT
uf20-0769.cnf,56,probSAT
uf20-0770.cnf,37,probSAT
uf20-0771.cnf,22,probSAT
uf20-0772.cnf,41,probSAT
uf20-0773.cnf,25,probSAT
uf20-0774.cnf,40,probSAT
uf20-0775.cnf,70,probSAT
uf20-0776.cnf,3,probSAT
uf20-0777.cnf,64,probSAT
uf20-0778.cnf,25,probSAT
uf20-0779.cnf,8,probSAT
uf20-0780.cnf,8,probSAT
uf20-0781.cnf,37,probSAT
uf20-0782.cnf,41,probSAT
uf20-0783.cnf,None,probSAT
uf20-0784.cnf,55,probSAT
uf20-0785.cnf,10,probSAT
uf20-0786.cnf,41,probSAT
uf20-0787.cnf,77,probSAT
uf20-0788.cnf,6,probSAT
uf20-0789.cnf,20,probSAT
uf20-0790.cnf,28,probSAT
uf20-0791.cnf,3,probSAT
uf20-0792.cnf,36,probSAT
uf20-0793.cnf,7,probSAT
uf20-0794.cnf,13,probSAT
uf20-0795.cnf,35,probSAT
uf20-0796.cnf,35,probSAT
uf20-0797.cnf,None,probSAT
uf20-0798.cnf,56,probSAT
uf20-0799.cnf,433,gSAT2
uf20-0800.cnf,77,probSAT
uf20-0801.cnf,101,probSAT
uf20-0802.cnf,18,probSAT
uf20-0803.cnf,18,probSAT
uf20-0804.cnf,97,probSAT
uf20-0805.cnf,31,probSAT
uf20-0806.cnf,16,probSAT
uf20-0807.cnf,310,gSAT2
uf20-0808.cnf,24,probSAT
uf20-0809.cnf,35,probSAT
uf20-0810.cnf,6,probSAT
uf20-0811.cnf,30,probSAT
uf20-0812.cnf,81,probSAT
uf20-0813.cnf,75,probSAT
uf20-0814.cnf,78,probSAT
uf20-0815.cnf,104,probSAT
uf20-0816.cnf,20,probSAT
uf20-0817.cnf,60,probSAT
uf20-0818.cnf,18,probSAT
uf20-0819.cnf,13,probSAT
uf20-0820.cnf,74,probSAT
uf20-0821.cnf,29,probSAT
uf20-0822.cnf,151,gSAT2
uf20-0823.cnf,105,gSAT2
uf20-0824.cnf,46,probSAT
uf20-0825.cnf,71,probSAT
uf20-0826.cnf,257,probSAT
uf20-0827.cnf,43,probSAT
uf20-0828.cnf,50,probSAT
uf20-0829.cnf,9,probSAT
uf20-0830.cnf,14,probSAT
uf20-0831.cnf,14,probSAT
uf20-0832.cnf,22,probSAT
uf20-0833.cnf,9,probSAT
uf20-0834.cnf,20,probSAT
uf20-0835.cnf,27,probSAT
uf20-0836.cnf,18,probSAT
uf20-0837.cnf,83,probSAT
uf20-0838.cnf,26,probSAT
uf20-0839.cnf,20,probSAT
uf20-0840.cnf,61,probSAT
uf20-0841.cnf,34,probSAT
uf20-0842.cnf,6,probSAT
uf20-0843.cnf,71,probSAT
uf20-0844.cnf,15,probSAT
uf20-0845.cnf,198,probSAT
uf20-0846.cnf,17,probSAT
uf20-0847.cnf,24,probSAT
uf20-0848.cnf,31,probSAT
uf20-0849.cnf,66,probSAT
uf20-0850.cnf,521,gSAT2
uf20-0851.cnf,13,probSAT
uf20-0852.cnf,6,probSAT
uf20-0853.cnf,51,probSAT
uf20-0854.cnf,47,probSAT
uf20-0855.cnf,6,probSAT
uf20-0856.cnf,29,probSAT
uf20-0857.cnf,25,probSAT
uf20-0858.cnf,30,probSAT
uf20-0859.cnf,23,probSAT
uf20-0860.cnf,93,probSAT
uf20-0861.cnf,320,gSAT2
uf20-0862.cnf,None,probSAT
uf20-0863.cnf,4,probSAT
uf20-0864.cnf,14,probSAT
uf20-0865.cnf,9,probSAT
uf20-0866.cnf,11,probSAT
uf20-0867.cnf,1203,gSAT2
uf20-0868.cnf,None,probSAT
uf20-0869.cnf,36,probSAT
uf20-0870.cnf,61,probSAT
uf20-0871.cnf,16,probSAT
uf20-0872.cnf,5,probSAT
uf20-0873.cnf,29,probSAT
uf20-0874.cnf,25,probSAT
uf20-0875.cnf,24,probSAT
uf20-0876.cnf,16,probSAT
uf20-0877.cnf,30,probSAT
uf20-0878.cnf,None,probSAT
uf20-0879.cnf,None,probSAT
uf20-0880.cnf,49,probSAT
uf20-0881.cnf,21,probSAT
uf20-0882.cnf,40,probSAT
uf20-0883.cnf,None,probSAT
uf20-0884.cnf,None,probSAT
uf20-0885.cnf,8,probSAT
uf20-0886.cnf,46,probSAT
uf20-0887.cnf,22,probSAT
uf20-0888.cnf,41,probSAT
uf20-0889.cnf,12,probSAT
uf20-0890.cnf,50,probSAT
uf20-0891.cnf,7,probSAT
uf20-0892.cnf,20,probSAT
uf20-0893.cnf,36,probSAT
uf20-0894.cnf,44,probSAT
uf20-0895.cnf,19,probSAT
uf20-0896.cnf,22,probSAT
uf20-0897.cnf,20,probSAT
uf20-0898.cnf,164,probSAT
uf20-0899.cnf,7,probSAT
uf20-0900.cnf,33,probSAT
uf20-0901.cnf,17,probSAT
uf20-0902.cnf,9,probSAT
uf20-0903.cnf,9,probSAT
uf20-0904.cnf,15,probSAT
uf20-0905.cnf,8,probSAT
uf20-0906.cnf,36,probSAT
uf20-0907.cnf,24,probSAT
uf20-0908.cnf,4,probSAT
uf20-0909.cnf,20,probSAT
uf20-0910.cnf,213,gSAT2
uf20-0911.cnf,91,gSAT2
uf20-0912.cnf,34,probSAT
uf20-0913.cnf,19,probSAT
uf20-0914.cnf,2,probSAT
uf20-0915.cnf,35,probSAT
uf20-0916.cnf,15,probSAT
uf20-0917.cnf,34,probSAT
uf20-0918.cnf,86,probSAT
uf20-0919.cnf,36,probSAT
uf20-0920.cnf,25,probSAT
uf20-0921.cnf,43,probSAT
uf20-0922.cnf,2,probSAT
uf20-0923.cnf,29,probSAT
uf20-0924.cnf,158,probSAT
uf20-0925.cnf,531,gSAT2
uf20-0926.cnf,8,probSAT
uf20-0927.cnf,4,probSAT
uf20-0928.cnf,22,probSAT
uf20-0929.cnf,21,probSAT
uf20-0930.cnf,19,probSAT
uf20-0931.cnf,172,probSAT
uf20-0932.cnf,179,probSAT
uf20-0933.cnf,88,probSAT
uf20-0934.cnf,13,probSAT
uf20-0935.cnf,38,probSAT
uf20-0936.cnf,115,probSAT
uf20-0937.cnf,44,probSAT
uf20-0938.cnf,19,probSAT
uf20-0939.cnf,11,probSAT
uf20-0940.cnf,75,probSAT
uf20-0941.cnf,31,probSAT
uf20-0942.cnf,23,probSAT
uf20-0943.cnf,30,probSAT
uf20-0944.cnf,28,probSAT
uf20-0945.cnf,61,probSAT
uf20-0946.cnf,38,probSAT
uf20-0947.cnf,15,probSAT
uf20-0948.cnf,4,probSAT
uf20-0949.cnf,581,gSAT2
uf20-0950.cnf,38,probSAT
uf20-0951.cnf,37,probSAT
uf20-0952.cnf,59,probSAT
uf20-0953.cnf,541,gSAT2
uf20-0954.cnf,35,probSAT
uf20-0955.cnf,6,probSAT
uf20-0956.cnf,1182,probSAT
uf20-0957.cnf,22,probSAT
uf20-0958.cnf,26,probSAT
uf20-0959.cnf,24,probSAT
uf20-0960.cnf,19,probSAT
uf20-0961.cnf,45,probSAT
uf20-0962.cnf,71,probSAT
uf20-0963.cnf,15,probSAT
uf20-0964.cnf,29,probSAT
uf20-0965.cnf,91,probSAT
uf20-0966.cnf,9,probSAT
uf20-0967.cnf,12,probSAT
uf20-0968.cnf,29,probSAT
uf20-0969.cnf,3,probSAT
uf20-0970.cnf,15,probSAT
uf20-0971.cnf,42,probSAT
uf20-0972.cnf,1,probSAT
uf20-0973.cnf,9,probSAT
uf20-0974.cnf,120,probSAT
uf20-0975.cnf,418,probSAT
uf20-0976.cnf,586,probSAT
uf20-0977.cnf,125,probSAT
uf20-0978.cnf,43,probSAT
uf20-0979.cnf,31,probSAT
uf20-0980.cnf,3,probSAT
uf20-0981.cnf,23,probSAT
uf20-0982.cnf,79,probSAT
uf20-0983.cnf,71,probSAT
uf20-0984.cnf,7,probSAT
uf20-0985.cnf,284,probSAT
uf20-0986.cnf,8,probSAT
uf20-0987.cnf,None,probSAT
uf20-0988.cnf,53,probSAT
uf20-0989.cnf,36,probSAT
uf20-0990.cnf,73,probSAT
uf20-0991.cnf,107,gSAT2
uf20-0992.cnf,58,probSAT
uf20-0993.cnf,45,probSAT
uf20-0994.cnf,35,probSAT
uf20-0995.cnf,31,probSAT
uf20-0996.cnf,29,probSAT
uf20-0997.cnf,232,gSAT2
uf20-0998.cnf,76,probSAT
uf20-0999.cnf,36,probSAT
uf20-01000.cnf,18,probSAT
uf50-01.cnf,36,probSAT
uf50-02.cnf,60,probSAT
uf50-03.cnf,37,probSAT
uf50-04.cnf,26,probSAT
uf50-05.cnf,22,probSAT
uf50-06.cnf,52,probSAT
uf50-07.cnf,40,probSAT
uf50-08.cnf,36,probSAT
uf50-09.cnf,189,gSAT2
uf50-010.cnf,38,probSAT
uf50-011.cnf,34,probSAT
uf50-012.cnf,31,probSAT
uf50-013.cnf,70,probSAT
uf50-014.cnf,27,probSAT
uf50-015.cnf,37,probSAT
uf50-016.cnf,40,probSAT
uf50-017.cnf,34,probSAT
uf50-018.cnf,41,probSAT
uf50-019.cnf,23,probSAT
uf50-020.cnf,29,probSAT
uf50-021.cnf,20,probSAT
uf50-022.cnf,16,probSAT
uf50-023.cnf,39,probSAT
uf50-024.cnf,33,probSAT
uf50-025.cnf,29,probSAT
uf50-026.cnf,38,probSAT
uf50-027.cnf,29,probSAT
uf50-028.cnf,23,probSAT
uf50-029.cnf,25,probSAT
uf50-030.cnf,36,probSAT
uf50-031.cnf,97,probSAT
uf50-032.cnf,58,probSAT
uf50-033.cnf,40,probSAT
uf50-034.cnf,16,probSAT
uf50-035.cnf,35,probSAT
uf50-036.cnf,None,probSAT
uf50-037.cnf,14,probSAT
uf50-038.cnf,36,probSAT
uf50-039.cnf,24,probSAT
uf50-040.cnf,40,probSAT
uf50-041.cnf,27,probSAT
uf50-042.cnf,172,probSAT
uf50-043.cnf,21,probSAT
uf50-044.cnf,47,probSAT
uf50-045.cnf,24,probSAT
uf50-046.cnf,43,probSAT
uf50-047.cnf,13,probSAT
uf50-048.cnf,33,probSAT
uf50-049.cnf,27,probSAT
uf50-050.cnf,30,probSAT
uf50-051.cnf,36,probSAT
uf50-052.cnf,40,probSAT
uf50-053.cnf,22,probSAT
uf50-054.cnf,31,probSAT
uf50-055.cnf,39,probSAT
uf50-056.cnf,31,probSAT
uf50-057.cnf,30,probSAT
uf50-058.cnf,23,probSAT
uf50-059.cnf,31,probSAT
uf50-060.cnf,32,probSAT
uf50-061.cnf,48,probSAT
uf50-062.cnf,22,probSAT
uf50-063.cnf,224,probSAT
uf50-064.cnf,31,probSAT
uf50-065.cnf,55,probSAT
uf50-066.cnf,20,probSAT
uf50-067.cnf,14,probSAT
uf50-068.cnf,30,probSAT
uf50-069.cnf,54,probSAT
uf50-070.cnf,50,probSAT
uf50-071.cnf,135,gSAT2
uf50-072.cnf,24,probSAT
uf50-073.cnf,92,gSAT2
uf50-074.cnf,17,probSAT
uf50-075.cnf,22,probSAT
uf50-076.cnf,56,probSAT
uf50-077.cnf,26,probSAT
uf50-078.cnf,32,probSAT
uf50-079.cnf,27,probSAT
uf50-080.cnf,30,probSAT
uf50-081.cnf,67,probSAT
uf50-082.cnf,28,probSAT
uf50-083.cnf,27,probSAT
uf50-084.cnf,55,probSAT
uf50-085.cnf,26,probSAT
uf50-086.cnf,34,probSAT
uf50-087.cnf,33,probSAT
uf50-088.cnf,98,gSAT2
uf50-089.cnf,40,probSAT
uf50-090.cnf,23,probSAT
uf50-091.cnf,21,probSAT
uf50-092.cnf,42,probSAT
uf50-093.cnf,32,probSAT
uf50-094.cnf,258,gSAT2
uf50-095.cnf,45,probSAT
uf50-096.cnf,41,probSAT
uf50-097.cnf,22,probSAT
uf50-098.cnf,26,probSAT
uf50-099.cnf,23,probSAT
uf50-0100.cnf,36,probSAT
uf50-0101.cnf,20,probSAT
uf50-0102.cnf,25,probSAT
uf50-0103.cnf,24,probSAT
uf50-0104.cnf,36,probSAT
uf50-0105.cnf,28,probSAT
uf50-0106.cnf,37,probSAT
uf50-0107.cnf,19,probSAT
uf50-0108.cnf,30,probSAT
uf50-0109.cnf,50,probSAT
uf50-0110.cnf,49,probSAT
uf50-0111.cnf,24,probSAT
uf50-0112.cnf,28,probSAT
uf50-0113.cnf,36,probSAT
uf50-0114.cnf,40,probSAT
uf50-0115.cnf,46,probSAT
uf50-0116.cnf,32,probSAT
uf50-0117.cnf,25,probSAT
uf50-0118.cnf,193,probSAT
uf50-0119.cnf,21,probSAT
uf50-0120.cnf,31,probSAT
uf50-0121.cnf,27,probSAT
uf50-0122.cnf,38,probSAT
uf50-0123.cnf,35,probSAT
uf50-0124.cnf,37,probSAT
uf50-0125.cnf,50,probSAT
uf50-0126.cnf,198,probSAT
uf50-0127.cnf,26,probSAT
uf50-0128.cnf,40,probSAT
uf50-0129.cnf,36,probSAT
uf50-0130.cnf,31,probSAT
uf50-0131.cnf,44,probSAT
uf50-0132.cnf,31,probSAT
uf50-0133.cnf,29,probSAT
uf50-0134.cnf,28,probSAT
uf50-0135.cnf,52,probSAT
uf50-0136.cnf,27,probSAT
uf50-0137.cnf,47,probSAT
uf50-0138.cnf,24,probSAT
uf50-0139.cnf,32,probSAT
uf50-0140.cnf,37,probSAT
uf50-0141.cnf,34,probSAT
uf50-0142.cnf,101,probSAT
uf50-0143.cnf,36,probSAT
uf50-0144.cnf,31,probSAT
uf50-0145.cnf,32,probSAT
uf50-0146.cnf,44,probSAT
uf50-0147.cnf,45,probSAT
uf50-0148.cnf,37,probSAT
uf50-0149.cnf,50,probSAT
uf50-0150.cnf,39,probSAT
uf50-0151.cnf,24,probSAT
uf50-0152.cnf,27,probSAT
uf50-0153.cnf,43,probSAT
uf50-0154.cnf,29,probSAT
uf50-0155.cnf,52,probSAT
uf50-0156.cnf,53,probSAT
uf50-0157.cnf,30,probSAT
uf50-0158.cnf,24,probSAT
uf50-0159.cnf,21,probSAT
uf50-0160.cnf,28,probSAT
uf50-0161.cnf,25,probSAT
uf50-0162.cnf,23,probSAT
uf50-0163.cnf,20,probSAT
uf50-0164.cnf,40,probSAT
uf50-0165.cnf,158,gSAT2
uf50-0166.cnf,36,probSAT
uf50-0167.cnf,70,probSAT
uf50-0168.cnf,38,probSAT
uf50-0169.cnf,23,probSAT
uf50-0170.cnf,102,probSAT
uf50-0171.cnf,24,probSAT
uf50-0172.cnf,52,probSAT
uf50-0173.cnf,33,probSAT
uf50-0174.cnf,39,probSAT
uf50-0175.cnf,43,probSAT
uf50-0176.cnf,43,probSAT
uf50-0177.cnf,42,probSAT
uf50-0178.cnf,20,probSAT
uf50-0179.cnf,26,probSAT
uf50-0180.cnf,29,probSAT
uf50-0181.cnf,34,probSAT
uf50-0182.cnf,34,probSAT
uf50-0183.cnf,193,gSAT2
uf50-0184.cnf,44,probSAT
uf50-0185.cnf,83,probSAT
uf50-0186.cnf,36,probSAT
uf50-0187.cnf,35,probSAT
uf50-0188.cnf,24,probSAT
uf50-0189.cnf,135,probSAT
uf50-0190.cnf,26,probSAT
uf50-0191.cnf,40,probSAT
uf50-0192.cnf,14,probSAT
uf50-0193.cnf,33,probSAT
uf50-0194.cnf,20,probSAT
uf50-0195.cnf,33,probSAT
uf50-0196.cnf,22,probSAT
uf50-0197.cnf,31,probSAT
uf50-0198.cnf,27,probSAT
uf50-0199.cnf,66,probSAT
uf50-0200.cnf,34,probSAT
uf50-0201.cnf,37,probSAT
uf50-0202.cnf,50,probSAT
uf50-0203.cnf,16,probSAT
uf50-0204.cnf,27,probSAT
uf50-0205.cnf,36,probSAT
uf50-0206.cnf,25,probSAT
uf50-0207.cnf,44,probSAT
uf50-0208.cnf,34,probSAT
uf50-0209.cnf,65,probSAT
uf50-0210.cnf,31,probSAT
uf50-0211.cnf,18,probSAT
uf50-0212.cnf,26,probSAT
uf50-0213.cnf,30,probSAT
uf50-0214.cnf,208,gSAT2
uf50-0215.cnf,40,probSAT
uf50-0216.cnf,79,probSAT
uf50-0217.cnf,None,probSAT
uf50-0218.cnf,27,probSAT
uf50-0219.cnf,33,probSAT
uf50-0220.cnf,47,probSAT
uf50-0221.cnf,40,probSAT
uf50-0222.cnf,33,probSAT
uf50-0223.cnf,28,probSAT
uf50-0224.cnf,38,probSAT
uf50-0225.cnf,51,probSAT
uf50-0226.cnf,26,probSAT
uf50-0227.cnf,37,probSAT
uf50-0228.cnf,31,probSAT
uf50-0229.cnf,27,probSAT
uf50-0230.cnf,37,probSAT
uf50-0231.cnf,52,probSAT
uf50-0232.cnf,32,probSAT
uf50-0233.cnf,29,probSAT
uf50-0234.cnf,40,probSAT
uf50-0235.cnf,32,probSAT
uf50-0236.cnf,28,probSAT
uf50-0237.cnf,25,probSAT
uf50-0238.cnf,44,probSAT
uf50-0239.cnf,17,probSAT
uf50-0240.cnf,35,probSAT
uf50-0241.cnf,40,probSAT
uf50-0242.cnf,59,probSAT
uf50-0243.cnf,129,probSAT
uf50-0244.cnf,27,probSAT
uf50-0245.cnf,24,probSAT
uf50-0246.cnf,17,probSAT
uf50-0247.cnf,227,probSAT
uf50-0248.cnf,39,probSAT
uf50-0249.cnf,31,probSAT
uf50-0250.cnf,134,probSAT
uf50-0251.cnf,44,probSAT
uf50-0252.cnf,18,probSAT
uf50-0253.cnf,25,probSAT
uf50-0254.cnf,34,probSAT
uf50-0255.cnf,32,probSAT
uf50-0256.cnf,21,probSAT
uf50-0257.cnf,20,probSAT
uf50-0258.cnf,46,probSAT
uf50-0259.cnf,253,probSAT
uf50-0260.cnf,32,probSAT
uf50-0261.cnf,146,probSAT
uf50-0262.cnf,38,probSAT
uf50-0263.cnf,34,probSAT
uf50-0264.cnf,94,probSAT
uf50-0265.cnf,45,probSAT
uf50-0266.cnf,29,probSAT
uf50-0267.cnf,29,probSAT
uf50-0268.cnf,32,probSAT
uf50-0269.cnf,26,probSAT
uf50-0270.cnf,29,probSAT
uf50-0271.cnf,36,probSAT
uf50-0272.cnf,22,probSAT
uf50-0273.cnf,30,probSAT
uf50-0274.cnf,34,probSAT
uf50-0275.cnf,38,probSAT
uf50-0276.cnf,21,probSAT
uf50-0277.cnf,27,probSAT
uf50-0278.cnf,35,probSAT
uf50-0279.cnf,122,probSAT
uf50-0280.cnf,50,probSAT
uf50-0281.cnf,24,probSAT
uf50-0282.cnf,48,probSAT
uf50-0283.cnf,40,probSAT
uf50-0284.cnf,526,gSAT2
uf50-0285.cnf,49,probSAT
uf50-0286.cnf,49,probSAT
uf50-0287.cnf,84,probSAT
uf50-0288.cnf,200,gSAT2
uf50-0289.cnf,24,probSAT
uf50-0290.cnf,696,gSAT2
uf50-0291.cnf,33,probSAT
uf50-0292.cnf,34,probSAT
uf50-0293.cnf,50,probSAT
uf50-0294.cnf,287,gSAT2
uf50-0295.cnf,34,probSAT
uf50-0296.cnf,25,probSAT
uf50-0297.cnf,55,probSAT
uf50-0298.cnf,36,probSAT
uf50-0299.cnf,46,probSAT
uf50-0300.cnf,76,probSAT
uf50-0301.cnf,107,probSAT
uf50-0302.cnf,596,probSAT
uf50-0303.cnf,460,probSAT
uf50-0304.cnf,27,probSAT
uf50-0305.cnf,34,probSAT
uf50-0306.cnf,52,probSAT
uf50-0307.cnf,60,probSAT
uf50-0308.cnf,23,probSAT
uf50-0309.cnf,35,probSAT
uf50-0310.cnf,39,probSAT
uf50-0311.cnf,57,probSAT
uf50-0312.cnf,23,probSAT
uf50-0313.cnf,35,probSAT
uf50-0314.cnf,31,probSAT
uf50-0315.cnf,19,probSAT
uf50-0316.cnf,105,probSAT
uf50-0317.cnf,29,probSAT
uf50-0318.cnf,42,probSAT
uf50-0319.cnf,22,probSAT
uf50-0320.cnf,25,probSAT
uf50-0321.cnf,34,probSAT
uf50-0322.cnf,36,probSAT
uf50-0323.cnf,18,probSAT
uf50-0324.cnf,19,probSAT
uf50-0325.cnf,36,probSAT
uf50-0326.cnf,33,probSAT
uf50-0327.cnf,16,probSAT
uf50-0328.cnf,18,probSAT
uf50-0329.cnf,37,probSAT
uf50-0330.cnf,34,probSAT
uf50-0331.cnf,35,probSAT
uf50-0332.cnf,63,probSAT
uf50-0333.cnf,28,probSAT
uf50-0334.cnf,46,probSAT
uf50-0335.cnf,35,probSAT
uf50-0336.cnf,40,probSAT
uf50-0337.cnf,31,probSAT
uf50-0338.cnf,18,probSAT
uf50-0339.cnf,55,probSAT
uf50-0340.cnf,64,probSAT
uf50-0341.cnf,34,probSAT
uf50-0342.cnf,21,probSAT
uf50-0343.cnf,55,probSAT
uf50-0344.cnf,23,probSAT
uf50-0345.cnf,39,probSAT
uf50-0346.cnf,44,probSAT
uf50-0347.cnf,29,probSAT
uf50-0348.cnf,55,probSAT
uf50-0349.cnf,37,probSAT
uf50-0350.cnf,39,probSAT
uf50-0351.cnf,39,probSAT
uf50-0352.cnf,23,probSAT
uf50-0353.cnf,40,probSAT
uf50-0354.cnf,160,gSAT2
uf50-0355.cnf,43,probSAT
uf50-0356.cnf,24,probSAT
uf50-0357.cnf,65,probSAT
uf50-0358.cnf,23,probSAT
uf50-0359.cnf,362,gSAT2
uf50-0360.cnf,30,probSAT
uf50-0361.cnf,20,probSAT
uf50-0362.cnf,34,probSAT
uf50-0363.cnf,32,probSAT
uf50-0364.cnf,43,probSAT
uf50-0365.cnf,28,probSAT
uf50-0366.cnf,50,probSAT
uf50-0367.cnf,16,probSAT
uf50-0368.cnf,55,probSAT
uf50-0369.cnf,23,probSAT
uf50-0370.cnf,22,probSAT
uf50-0371.cnf,22,probSAT
uf50-0372.cnf,41,probSAT
uf50-0373.cnf,35,probSAT
uf50-0374.cnf,39,probSAT
uf50-0375.cnf,60,probSAT
uf50-0376.cnf,41,probSAT
uf50-0377.cnf,19,probSAT
uf50-0378.cnf,38,probSAT
uf50-0379.cnf,22,probSAT
uf50-0380.cnf,46,probSAT
uf50-0381.cnf,40,probSAT
uf50-0382.cnf,18,probSAT
uf50-0383.cnf,20,probSAT
uf50-0384.cnf,171,probSAT
uf50-0385.cnf,33,probSAT
uf50-0386.cnf,56,probSAT
uf50-0387.cnf,30,probSAT
uf50-0388.cnf,48,probSAT
uf50-0389.cnf,33,probSAT
uf50-0390.cnf,30,probSAT
uf50-0391.cnf,35,probSAT
uf50-0392.cnf,50,probSAT
uf50-0393.cnf,25,probSAT
uf50-0394.cnf,35,probSAT
uf50-0395.cnf,31,probSAT
uf50-0396.cnf,50,probSAT
uf50-0397.cnf,29,probSAT
uf50-0398.cnf,30,probSAT
uf50-0399.cnf,30,probSAT
uf50-0400.cnf,49,probSAT
uf50-0401.cnf,10,probSAT
uf50-0402.cnf,39,probSAT
uf50-0403.cnf,49,probSAT
uf50-0404.cnf,34,probSAT
uf50-0405.cnf,28,probSAT
uf50-0406.cnf,26,probSAT
uf50-0407.cnf,27,probSAT
uf50-0408.cnf,30,probSAT
uf50-0409.cnf,188,probSAT
uf50-0410.cnf,215,probSAT
uf50-0411.cnf,22,probSAT
uf50-0412.cnf,33,probSAT
uf50-0413.cnf,25,probSAT
uf50-0414.cnf,None,probSAT
uf50-0415.cnf,61,probSAT
uf50-0416.cnf,25,probSAT
uf50-0417.cnf,39,probSAT
uf50-0418.cnf,33,probSAT
uf50-0419.cnf,34,probSAT
uf50-0420.cnf,52,probSAT
uf50-0421.cnf,60,probSAT
uf50-0422.cnf,49,probSAT
uf50-0423.cnf,23,probSAT
uf50-0424.cnf,29,probSAT
uf50-0425.cnf,47,probSAT
uf50-0426.cnf,25,probSAT
uf50-0427.cnf,56,probSAT
uf50-0428.cnf,34,probSAT
uf50-0429.cnf,27,probSAT
uf50-0430.cnf,None,probSAT
uf50-0431.cnf,71,probSAT
uf50-0432.cnf,137,probSAT
uf50-0433.cnf,41,probSAT
uf50-0434.cnf,35,probSAT
uf50-0435.cnf,22,probSAT
uf50-0436.cnf,183,gSAT2
uf50-0437.cnf,45,probSAT
uf50-0438.cnf,41,probSAT
uf50-0439.cnf,66,probSAT
uf50-0440.cnf,27,probSAT
uf50-0441.cnf,33,probSAT
uf50-0442.cnf,51,probSAT
uf50-0443.cnf,28,probSAT
uf50-0444.cnf,58,probSAT
uf50-0445.cnf,42,probSAT
uf50-0446.cnf,35,probSAT
uf50-0447.cnf,132,probSAT
uf50-0448.cnf,23,probSAT
uf50-0449.cnf,53,probSAT
uf50-0450.cnf,31,probSAT
uf50-0451.cnf,54,probSAT
uf50-0452.cnf,25,probSAT
uf50-0453.cnf,347,probSAT
uf50-0454.cnf,220,gSAT2
uf50-0455.cnf,44,probSAT
uf50-0456.cnf,33,probSAT
uf50-0457.cnf,18,probSAT
uf50-0458.cnf,28,probSAT
uf50-0459.cnf,116,probSAT
uf50-0460.cnf,297,probSAT
uf50-0461.cnf,34,probSAT
uf50-0462.cnf,46,probSAT
uf50-0463.cnf,56,probSAT
uf50-0464.cnf,34,probSAT
uf50-0465.cnf,38,probSAT
uf50-0466.cnf,26,probSAT
uf50-0467.cnf,29,probSAT
uf50-0468.cnf,31,probSAT
uf50-0469.cnf,55,probSAT
uf50-0470.cnf,54,probSAT
uf50-0471.cnf,17,probSAT
uf50-0472.cnf,37,probSAT
uf50-0473.cnf,20,probSAT
uf50-0474.cnf,45,probSAT
uf50-0475.cnf,31,probSAT
uf50-0476.cnf,27,probSAT
uf50-0477.cnf,52,probSAT
uf50-0478.cnf,30,probSAT
uf50-0479.cnf,19,probSAT
uf50-0480.cnf,43,probSAT
uf50-0481.cnf,22,probSAT
uf50-0482.cnf,31,probSAT
uf50-0483.cnf,32,probSAT
uf50-0484.cnf,28,probSAT
uf50-0485.cnf,26,probSAT
uf50-0486.cnf,161,probSAT
uf50-0487.cnf,28,probSAT
uf50-0488.cnf,40,probSAT
uf50-0489.cnf,38,probSAT
uf50-0490.cnf,36,probSAT
uf50-0491.cnf,32,probSAT
uf50-0492.cnf,33,probSAT
uf50-0493.cnf,22,probSAT
uf50-0494.cnf,24,probSAT
uf50-0495.cnf,62,probSAT
uf50-0496.cnf,31,probSAT
uf50-0497.cnf,85,probSAT
uf50-0498.cnf,18,probSAT
uf50-0499.cnf,33,probSAT
uf50-0500.cnf,21,probSAT
uf50-0501.cnf,35,probSAT
uf50-0502.cnf,45,probSAT
uf50-0503.cnf,8,probSAT
uf50-0504.cnf,36,probSAT
uf50-0505.cnf,28,probSAT
uf50-0506.cnf,31,probSAT
uf50-0507.cnf,30,probSAT
uf50-0508.cnf,32,probSAT
uf50-0509.cnf,19,probSAT
uf50-0510.cnf,32,probSAT
uf50-0511.cnf,42,probSAT
uf50-0512.cnf,26,probSAT
uf50-0513.cnf,36,probSAT
uf50-0514.cnf,38,probSAT
uf50-0515.cnf,42,probSAT
uf50-0516.cnf,46,probSAT
uf50-0517.cnf,277,probSAT
uf50-0518.cnf,41,probSAT
uf50-0519.cnf,49,probSAT
uf50-0520.cnf,403,gSAT2
uf50-0521.cnf,149,gSAT2
uf50-0522.cnf,28,probSAT
uf50-0523.cnf,30,probSAT
uf50-0524.cnf,39,probSAT
uf50-0525.cnf,22,probSAT
uf50-0526.cnf,63,probSAT
uf50-0527.cnf,20,probSAT
uf50-0528.cnf,20,probSAT
uf50-0529.cnf,27,probSAT
uf50-0530.cnf,27,probSAT
uf50-0531.cnf,40,probSAT
uf50-0532.cnf,29,probSAT
uf50-0533.cnf,49,probSAT
uf50-0534.cnf,27,probSAT
uf50-0535.cnf,431,gSAT2
uf50-0536.cnf,33,probSAT
uf50-0537.cnf,55,probSAT
uf50-0538.cnf,27,probSAT
uf50-0539.cnf,37,probSAT
uf50-0540.cnf,32,probSAT
uf50-0541.cnf,65,probSAT
uf50-0542.cnf,56,probSAT
uf50-0543.cnf,28,probSAT
uf50-0544.cnf,39,probSAT
uf50-0545.cnf,19,probSAT
uf50-0546.cnf,32,probSAT
uf50-0547.cnf,35,probSAT
uf50-0548.cnf,40,probSAT
uf50-0549.cnf,30,probSAT
uf50-0550.cnf,180,probSAT
uf50-0551.cnf,24,probSAT
uf50-0552.cnf,665,gSAT2
uf50-0553.cnf,27,probSAT
uf50-0554.cnf,36,probSAT
uf50-0555.cnf,35,probSAT
uf50-0556.cnf,56,probSAT
uf50-0557.cnf,29,probSAT
uf50-0558.cnf,33,probSAT
uf50-0559.cnf,28,probSAT
uf50-0560.cnf,38,probSAT
uf50-0561.cnf,24,probSAT
uf50-0562.cnf,32,probSAT
uf50-0563.cnf,23,probSAT
uf50-0564.cnf,39,probSAT
uf50-0565.cnf,19,probSAT
uf50-0566.cnf,26,probSAT
uf50-0567.cnf,38,probSAT
uf50-0568.cnf,34,probSAT
uf50-0569.cnf,41,probSAT
uf50-0570.cnf,46,probSAT
uf50-0571.cnf,18,probSAT
uf50-0572.cnf,66,probSAT
uf50-0573.cnf,25,probSAT
uf50-0574.cnf,28,probSAT
uf50-0575.cnf,327,gSAT2
uf50-0576.cnf,15,probSAT
uf50-0577.cnf,34,probSAT
uf50-0578.cnf,31,probSAT
uf50-0579.cnf,23,probSAT
uf50-0580.cnf,46,probSAT
uf50-0581.cnf,20,probSAT
uf50-0582.cnf,32,probSAT
uf50-0583.cnf,41,probSAT
uf50-0584.cnf,24,probSAT
uf50-0585.cnf,384,gSAT2
uf50-0586.cnf,43,probSAT
uf50-0587.cnf,32,probSAT
uf50-0588.cnf,51,probSAT
uf50-0589.cnf,17,probSAT
uf50-0590.cnf,37,probSAT
uf50-0591.cnf,40,probSAT
uf50-0592.cnf,51,probSAT
uf50-0593.cnf,28,probSAT
uf50-0594.cnf,25,probSAT
uf50-0595.cnf,41,probSAT
uf50-0596.cnf,25,probSAT
uf50-0597.cnf,728,probSAT
uf50-0598.cnf,39,probSAT
uf50-0599.cnf,None,probSAT
uf50-0600.cnf,30,probSAT
uf50-0601.cnf,41,probSAT
uf50-0602.cnf,175,gSAT2
uf50-0603.cnf,29,probSAT
uf50-0604.cnf,27,probSAT
uf50-0605.cnf,33,probSAT
uf50-0606.cnf,33,probSAT
uf50-0607.cnf,54,probSAT
uf50-0608.cnf,19,probSAT
uf50-0609.cnf,41,probSAT
uf50-0610.cnf,32,probSAT
uf50-0611.cnf,33,probSAT
uf50-0612.cnf,20,probSAT
uf50-0613.cnf,23,probSAT
uf50-0614.cnf,25,probSAT
uf50-0615.cnf,28,probSAT
uf50-0616.cnf,41,probSAT
uf50-0617.cnf,170,gSAT2
uf50-0618.cnf,17,probSAT
uf50-0619.cnf,44,probSAT
uf50-0620.cnf,36,probSAT
uf50-0621.cnf,47,probSAT
uf50-0622.cnf,18,probSAT
uf50-0623.cnf,53,probSAT
uf50-0624.cnf,58,probSAT
uf50-0625.cnf,16,probSAT
uf50-0626.cnf,39,probSAT
uf50-0627.cnf,26,probSAT
uf50-0628.cnf,186,gSAT2
uf50-0629.cnf,53,probSAT
uf50-0630.cnf,45,probSAT
uf50-0631.cnf,40,probSAT
uf50-0632.cnf,31,probSAT
uf50-0633.cnf,45,probSAT
uf50-0634.cnf,46,probSAT
uf50-0635.cnf,117,gSAT2
uf50-0636.cnf,21,probSAT
uf50-0637.cnf,114,probSAT
uf50-0638.cnf,33,probSAT
uf50-0639.cnf,20,probSAT
uf50-0640.cnf,259,gSAT2
uf50-0641.cnf,81,probSAT
uf50-0642.cnf,78,probSAT
uf50-0643.cnf,41,probSAT
uf50-0644.cnf,41,probSAT
uf50-0645.cnf,22,probSAT
uf50-0646.cnf,44,probSAT
uf50-0647.cnf,41,probSAT
uf50-0648.cnf,24,probSAT
uf50-0649.cnf,153,probSAT
uf50-0650.cnf,25,probSAT
uf50-0651.cnf,119,probSAT
uf50-0652.cnf,26,probSAT
uf50-0653.cnf,52,probSAT
uf50-0654.cnf,45,probSAT
uf50-0655.cnf,34,probSAT
uf50-0656.cnf,70,probSAT
uf50-0657.cnf,20,probSAT
uf50-0658.cnf,41,probSAT
uf50-0659.cnf,18,probSAT
uf50-0660.cnf,513,gSAT2
uf50-0661.cnf,26,probSAT
uf50-0662.cnf,31,probSAT
uf50-0663.cnf,33,probSAT
uf50-0664.cnf,22,probSAT
uf50-0665.cnf,32,probSAT
uf50-0666.cnf,86,probSAT
uf50-0667.cnf,26,probSAT
uf50-0668.cnf,47,probSAT
uf50-0669.cnf,23,probSAT
uf50-0670.cnf,47,probSAT
uf50-0671.cnf,29,probSAT
uf50-0672.cnf,33,probSAT
uf50-0673.cnf,83,probSAT
uf50-0674.cnf,28,probSAT
uf50-0675.cnf,32,probSAT
uf50-0676.cnf,42,probSAT
uf50-0677.cnf,29,probSAT
uf50-0678.cnf,31,probSAT
uf50-0679.cnf,55,probSAT
uf50-0680.cnf,32,probSAT
uf50-0681.cnf,37,probSAT
uf50-0682.cnf,36,probSAT
uf50-0683.cnf,61,probSAT
uf50-0684.cnf,51,probSAT
uf50-0685.cnf,51,probSAT
uf50-0686.cnf,49,probSAT
uf50-0687.cnf,20,probSAT
uf50-0688.cnf,27,probSAT
uf50-0689.cnf,43,probSAT
uf50-0690.cnf,53,probSAT
uf50-0691.cnf,292,probSAT
uf50-0692.cnf,30,probSAT
uf50-0693.cnf,33,probSAT
uf50-0694.cnf,258,gSAT2
uf50-0695.cnf,28,probSAT
uf50-0696.cnf,25,probSAT
uf50-0697.cnf,51,probSAT
uf50-0698.cnf,189,gSAT2
uf50-0699.cnf,34,probSAT
uf50-0700.cnf,32,probSAT
uf50-0701.cnf,13,probSAT
uf50-0702.cnf,47,probSAT
uf50-0703.cnf,32,probSAT
uf50-0704.cnf,36,probSAT
uf50-0705.cnf,44,probSAT
uf50-0706.cnf,32,probSAT
uf50-0707.cnf,48,probSAT
uf50-0708.cnf,23,probSAT
uf50-0709.cnf,20,probSAT
uf50-0710.cnf,32,probSAT
uf50-0711.cnf,102,gSAT2
uf50-0712.cnf,44,probSAT
uf50-0713.cnf,24,probSAT
uf50-0714.cnf,27,probSAT
uf50-0715.cnf,32,probSAT
uf50-0716.cnf,10,probSAT
uf50-0717.cnf,35,probSAT
uf50-0718.cnf,25,probSAT
uf50-0719.cnf,27,probSAT
uf50-0720.cnf,35,probSAT
uf50-0721.cnf,24,probSAT
uf50-0722.cnf,21,probSAT
uf50-0723.cnf,38,probSAT
uf50-0724.cnf,34,probSAT
uf50-0725.cnf,28,probSAT
uf50-0726.cnf,17,probSAT
uf50-0727.cnf,None,probSAT
uf50-0728.cnf,32,probSAT
uf50-0729.cnf,192,gSAT2
uf50-0730.cnf,26,probSAT
uf50-0731.cnf,211,probSAT
uf50-0732.cnf,238,probSAT
uf50-0733.cnf,29,probSAT
uf50-0734.cnf,36,probSAT
uf50-0735.cnf,48,probSAT
uf50-0736.cnf,36,probSAT
uf50-0737.cnf,45,probSAT
uf50-0738.cnf,70,probSAT
uf50-0739.cnf,39,probSAT
uf50-0740.cnf,31,probSAT
uf50-0741.cnf,26,probSAT
uf50-0742.cnf,28,probSAT
uf50-0743.cnf,31,probSAT
uf50-0744.cnf,37,probSAT
uf50-0745.cnf,32,probSAT
uf50-0746.cnf,25,probSAT
uf50-0747.cnf,34,probSAT
uf50-0748.cnf,36,probSAT
uf50-0749.cnf,39,probSAT
uf50-0750.cnf,22,probSAT
uf50-0751.cnf,22,probSAT
uf50-0752.cnf,26,probSAT
uf50-0753.cnf,84,gSAT2
uf50-0754.cnf,31,probSAT
uf50-0755.cnf,51,probSAT
uf50-0756.cnf,25,probSAT
uf50-0757.cnf,30,probSAT
uf50-0758.cnf,141,probSAT
uf50-0759.cnf,66,probSAT
uf50-0760.cnf,27,probSAT
uf50-0761.cnf,46,probSAT
uf50-0762.cnf,38,probSAT
uf50-0763.cnf,51,probSAT
uf50-0764.cnf,48,probSAT
uf50-0765.cnf,40,probSAT
uf50-0766.cnf,35,probSAT
uf50-0767.cnf,25,probSAT
uf50-0768.cnf,50,probSAT
uf50-0769.cnf,28,probSAT
uf50-0770.cnf,20,probSAT
uf50-0771.cnf,141,gSAT2
uf50-0772.cnf,25,probSAT
uf50-0773.cnf,76,probSAT
uf50-0774.cnf,211,gSAT2
uf50-0775.cnf,33,probSAT
uf50-0776.cnf,29,probSAT
uf50-0777.cnf,58,probSAT
uf50-0778.cnf,36,probSAT
uf50-0779.cnf,30,probSAT
uf50-0780.cnf,37,probSAT
uf50-0781.cnf,73,probSAT
uf50-0782.cnf,25,probSAT
uf50-0783.cnf,27,probSAT
uf50-0784.cnf,45,probSAT
uf50-0785.cnf,72,probSAT
uf50-0786.cnf,21,probSAT
uf50-0787.cnf,13,probSAT
uf50-0788.cnf,40,probSAT
uf50-0789.cnf,38,probSAT
uf50-0790.cnf,30,probSAT
uf50-0791.cnf,37,probSAT
uf50-0792.cnf,42,probSAT
uf50-0793.cnf,36,probSAT
uf50-0794.cnf,28,probSAT
uf50-0795.cnf,54,probSAT
uf50-0796.cnf,25,probSAT
uf50-0797.cnf,32,probSAT
uf50-0798.cnf,35,probSAT
uf50-0799.cnf,35,probSAT
uf50-0800.cnf,27,probSAT
uf50-0801.cnf,28,probSAT
uf50-0802.cnf,117,probSAT
uf50-0803.cnf,35,probSAT
uf50-0804.cnf,37,probSAT
uf50-0805.cnf,27,probSAT
uf50-0806.cnf,30,probSAT
uf50-0807.cnf,37,probSAT
uf50-0808.cnf,26,probSAT
uf50-0809.cnf,230,gSAT2
uf50-0810.cnf,35,probSAT
uf50-0811.cnf,46,probSAT
uf50-0812.cnf,15,probSAT
uf50-0813.cnf,26,probSAT
uf50-0814.cnf,36,probSAT
uf50-0815.cnf,24,probSAT
uf50-0816.cnf,27,probSAT
uf50-0817.cnf,71,probSAT
uf50-0818.cnf,28,probSAT
uf50-0819.cnf,34,probSAT
uf50-0820.cnf,37,probSAT
uf50-0821.cnf,74,probSAT
uf50-0822.cnf,23,probSAT
uf50-0823.cnf,41,probSAT
uf50-0824.cnf,35,probSAT
uf50-0825.cnf,32,probSAT
uf50-0826.cnf,24,probSAT
uf50-0827.cnf,65,probSAT
uf50-0828.cnf,36,probSAT
uf50-0829.cnf,121,probSAT
uf50-0830.cnf,41,probSAT
uf50-0831.cnf,15,probSAT
uf50-0832.cnf,38,probSAT
uf50-0833.cnf,134,gSAT2
uf50-0834.cnf,29,probSAT
uf50-0835.cnf,102,probSAT
uf50-0836.cnf,46,probSAT
uf50-0837.cnf,40,probSAT
uf50-0838.cnf,19,probSAT
uf50-0839.cnf,57,probSAT
uf50-0840.cnf,27,probSAT
uf50-0841.cnf,52,probSAT
uf50-0842.cnf,52,probSAT
uf50-0843.cnf,None,probSAT
uf50-0844.cnf,35,probSAT
uf50-0845.cnf,20,probSAT
uf50-0846.cnf,26,probSAT
uf50-0847.cnf,44,probSAT
uf50-0848.cnf,27,probSAT
uf50-0849.cnf,22,probSAT
uf50-0850.cnf,99,probSAT
uf50-0851.cnf,32,probSAT
uf50-0852.cnf,18,probSAT
uf50-0853.cnf,16,probSAT
uf50-0854.cnf,28,probSAT
uf50-0855.cnf,281,probSAT
uf50-0856.cnf,31,probSAT
uf50-0857.cnf,61,probSAT
uf50-0858.cnf,52,probSAT
uf50-0859.cnf,29,probSAT
uf50-0860.cnf,29,probSAT
uf50-0861.cnf,31,probSAT
uf50-0862.cnf,18,probSAT
uf50-0863.cnf,16,probSAT
uf50-0864.cnf,95,probSAT
uf50-0865.cnf,21,probSAT
uf50-0866.cnf,148,gSAT2
uf50-0867.cnf,38,probSAT
uf50-0868.cnf,40,probSAT
uf50-0869.cnf,26,probSAT
uf50-0870.cnf,30,probSAT
uf50-0871.cnf,25,probSAT
uf50-0872.cnf,16,probSAT
uf50-0873.cnf,43,probSAT
uf50-0874.cnf,39,probSAT
uf50-0875.cnf,64,probSAT
uf50-0876.cnf,117,gSAT2
uf50-0877.cnf,47,probSAT
uf50-0878.cnf,36,probSAT
uf50-0879.cnf,29,probSAT
uf50-0880.cnf,18,probSAT
uf50-0881.cnf,26,probSAT
uf50-0882.cnf,28,probSAT
uf50-0883.cnf,41,probSAT
uf50-0884.cnf,48,probSAT
uf50-0885.cnf,32,probSAT
uf50-0886.cnf,45,probSAT
uf50-0887.cnf,22,probSAT
uf50-0888.cnf,36,probSAT
uf50-0889.cnf,42,probSAT
uf50-0890.cnf,25,probSAT
uf50-0891.cnf,31,probSAT
uf50-0892.cnf,24,probSAT
uf50-0893.cnf,18,probSAT
uf50-0894.cnf,27,probSAT
uf50-0895.cnf,30,probSAT
uf50-0896.cnf,163,probSAT
uf50-0897.cnf,20,probSAT
uf50-0898.cnf,58,probSAT
uf50-0899.cnf,18,probSAT
uf50-0900.cnf,53,probSAT
uf50-0901.cnf,45,probSAT
uf50-0902.cnf,21,probSAT
uf50-0903.cnf,31,probSAT
uf50-0904.cnf,26,probSAT
uf50-0905.cnf,48,probSAT
uf50-0906.cnf,18,probSAT
uf50-0907.cnf,24,probSAT
uf50-0908.cnf,37,probSAT
uf50-0909.cnf,43,probSAT
uf50-0910.cnf,47,probSAT
uf50-0911.cnf,46,probSAT
uf50-0912.cnf,49,probSAT
uf50-0913.cnf,18,probSAT
uf50-0914.cnf,30,probSAT
uf50-0915.cnf,419,gSAT2
uf50-0916.cnf,39,probSAT
uf50-0917.cnf,59,probSAT
uf50-0918.cnf,43,probSAT
uf50-0919.cnf,47,probSAT
uf50-0920.cnf,16,probSAT
uf50-0921.cnf,168,gSAT2
uf50-0922.cnf,136,probSAT
uf50-0923.cnf,29,probSAT
uf50-0924.cnf,234,probSAT
uf50-0925.cnf,31,probSAT
uf50-0926.cnf,39,probSAT
uf50-0927.cnf,33,probSAT
uf50-0928.cnf,27,probSAT
uf50-0929.cnf,23,probSAT
uf50-0930.cnf,24,probSAT
uf50-0931.cnf,62,probSAT
uf50-0932.cnf,51,probSAT
uf50-0933.cnf,13,probSAT
uf50-0934.cnf,48,probSAT
uf50-0935.cnf,45,probSAT
uf50-0936.cnf,159,gSAT2
uf50-0937.cnf,52,probSAT
uf50-0938.cnf,39,probSAT
uf50-0939.cnf,202,gSAT2
uf50-0940.cnf,34,probSAT
uf50-0941.cnf,30,probSAT
uf50-0942.cnf,52,probSAT
uf50-0943.cnf,21,probSAT
uf50-0944.cnf,29,probSAT
uf50-0945.cnf,270,gSAT2
uf50-0946.cnf,32,probSAT
uf50-0947.cnf,45,probSAT
uf50-0948.cnf,24,probSAT
uf50-0949.cnf,18,probSAT
uf50-0950.cnf,29,probSAT
uf50-0951.cnf,29,probSAT
uf50-0952.cnf,46,probSAT
uf50-0953.cnf,34,probSAT
uf50-0954.cnf,36,probSAT
uf50-0955.cnf,24,probSAT
uf50-0956.cnf,25,probSAT
uf50-0957.cnf,69,probSAT
uf50-0958.cnf,37,probSAT
uf50-0959.cnf,47,probSAT
uf50-0960.cnf,37,probSAT
uf50-0961.cnf,56,probSAT
uf50-0962.cnf,97,probSAT
uf50-0963.cnf,229,gSAT2
uf50-0964.cnf,38,probSAT
uf50-0965.cnf,23,probSAT
uf50-0966.cnf,40,probSAT
uf50-0967.cnf,31,probSAT
uf50-0968.cnf,24,probSAT
uf50-0969.cnf,24,probSAT
uf50-0970.cnf,21,probSAT
uf50-0971.cnf,54,probSAT
uf50-0972.cnf,29,probSAT
uf50-0973.cnf,31,probSAT
uf50-0974.cnf,27,probSAT
uf50-0975.cnf,44,probSAT
uf50-0976.cnf,41,probSAT
uf50-0977.cnf,39,probSAT
uf50-0978.cnf,27,probSAT
uf50-0979.cnf,26,probSAT
uf50-0980.cnf,24,probSAT
uf50-0981.cnf,29,probSAT
uf50-0982.cnf,33,probSAT
uf50-0983.cnf,15,probSAT
uf50-0984.cnf,38,probSAT
uf50-0985.cnf,34,probSAT
uf50-0986.cnf,89,probSAT
uf50-0987.cnf,11,probSAT
uf50-0988.cnf,35,probSAT
uf50-0989.cnf,25,probSAT
uf50-0990.cnf,29,probSAT
uf50-0991.cnf,45,probSAT
uf50-0992.cnf,335,gSAT2
uf50-0993.cnf,37,probSAT
uf50-0994.cnf,41,probSAT
uf50-0995.cnf,35,probSAT
uf50-0996.cnf,30,probSAT
uf50-0997.cnf,38,probSAT
uf50-0998.cnf,52,probSAT
uf50-0999.cnf,60,probSAT
uf50-01000.cnf,30,probSAT
uf75-01.cnf,115,probSAT
uf75-02.cnf,54,probSAT
uf75-03.cnf,264,probSAT
uf75-04.cnf,286,probSAT
uf75-05.cnf,84,probSAT
uf75-06.cnf,307,probSAT
uf75-07.cnf,286,probSAT
uf75-08.cnf,48,probSAT
uf75-09.cnf,61,probSAT
uf75-010.cnf,52,probSAT
uf75-011.cnf,None,probSAT
uf75-012.cnf,174,probSAT
uf75-013.cnf,72,probSAT
uf75-014.cnf,121,probSAT
uf75-015.cnf,262,probSAT
uf75-016.cnf,98,probSAT
uf75-017.cnf,113,probSAT
uf75-018.cnf,103,probSAT
uf75-019.cnf,85,probSAT
uf75-020.cnf,72,probSAT
uf75-021.cnf,117,probSAT
uf75-022.cnf,53,probSAT
uf75-023.cnf,95,probSAT
uf75-024.cnf,39,probSAT
uf75-025.cnf,105,probSAT
uf75-026.cnf,78,probSAT
uf75-027.cnf,105,probSAT
uf75-028.cnf,57,probSAT
uf75-029.cnf,83,probSAT
uf75-030.cnf,82,probSAT
uf75-031.cnf,106,probSAT
uf75-032.cnf,120,probSAT
uf75-033.cnf,61,probSAT
uf75-034.cnf,None,probSAT
uf75-035.cnf,98,probSAT
uf75-036.cnf,154,probSAT
uf75-037.cnf,308,probSAT
uf75-038.cnf,297,probSAT
uf75-039.cnf,None,probSAT
uf75-040.cnf,None,probSAT
uf75-041.cnf,167,probSAT
uf75-042.cnf,90,probSAT
uf75-043.cnf,72,probSAT
uf75-044.cnf,79,probSAT
uf75-045.cnf,49,probSAT
uf75-046.cnf,163,probSAT
uf75-047.cnf,35,probSAT
uf75-048.cnf,None,probSAT
uf75-049.cnf,88,probSAT
uf75-050.cnf,111,probSAT
uf75-051.cnf,None,probSAT
uf75-052.cnf,68,probSAT
uf75-053.cnf,119,probSAT
uf75-054.cnf,170,probSAT
uf75-055.cnf,206,probSAT
uf75-056.cnf,59,probSAT
uf75-057.cnf,111,probSAT
uf75-058.cnf,99,probSAT
uf75-059.cnf,56,probSAT
uf75-060.cnf,126,probSAT
uf75-061.cnf,133,probSAT
uf75-062.cnf,185,probSAT
uf75-063.cnf,None,probSAT
uf75-064.cnf,102,probSAT
uf75-065.cnf,233,probSAT
uf75-066.cnf,83,probSAT
uf75-067.cnf,197,probSAT
uf75-068.cnf,92,probSAT
uf75-069.cnf,104,probSAT
uf75-070.cnf,81,probSAT
uf75-071.cnf,94,probSAT
uf75-072.cnf,None,probSAT
uf75-073.cnf,100,probSAT
uf75-074.cnf,67,probSAT
uf75-075.cnf,126,probSAT
uf75-076.cnf,98,probSAT
uf75-077.cnf,85,probSAT
uf75-078.cnf,85,probSAT
uf75-079.cnf,159,probSAT
uf75-080.cnf,95,probSAT
uf75-081.cnf,119,probSAT
uf75-082.cnf,70,probSAT
uf75-083.cnf,223,probSAT
uf75-084.cnf,140,probSAT
uf75-085.cnf,41,probSAT
uf75-086.cnf,856,probSAT
uf75-087.cnf,74,probSAT
uf75-088.cnf,108,probSAT
uf75-089.cnf,43,probSAT
uf75-090.cnf,None,probSAT
uf75-091.cnf,67,probSAT
uf75-092.cnf,187,probSAT
uf75-093.cnf,62,probSAT
uf75-094.cnf,102,probSAT
uf75-095.cnf,107,probSAT
uf75-096.cnf,None,probSAT
uf75-097.cnf,487,probSAT
uf75-098.cnf,97,probSAT
uf75-099.cnf,109,probSAT
uf75-0100.cnf,118,probSAT
